<?xml version="1.0" encoding="UTF-8"?>
<modification>
	<name>Mega Smart Search</name>
	<code>msmart_search</code>
	<version>1.0</version>
	<author>info@ocdemo.eu</author>
	<link>mailto:info@ocdemo.eu</link>
	
	<!-- // Catalog //////////////////////////////////////////////////////// -->
	
	<file path="catalog/controller/product/search.php">
		<operation>
			<search><![CDATA[$product_total = $this->model_catalog_product->getTotalProducts(]]></search>
			<add position="before"><![CDATA[
				if( ! class_exists( 'Msmart_Search' ) ) {
					if( class_exists( '\VQMod' ) ) {
						require_once \VQMod::modCheck(modification(DIR_SYSTEM . 'library/msmart_search.php'));
					} else {
						require_once modification(DIR_SYSTEM . 'library/msmart_search.php');
					}
				}
				
				if( ! $this->config->get( 'msmart_search_enabled' ) || ! class_exists( 'Msmart_Search' ) || ! $this->config->get( 'msmart_search_version' ) ) {
			]]></add>
		</operation>
		<operation>
			<search><![CDATA[$results = $this->model_catalog_product->getProducts(]]></search>
			<add position="after"><![CDATA[
				} else {
					$product_total = Msmart_Search::make( $this )->filterData( $filter_data )->getTotalProducts();
					$results = Msmart_Search::make( $this )->getProducts();
				
					$recommended_data = $this->config->get( 'msmart_search_recommended' );
					if ($product_total == 0 && !empty($recommended_data['recommended_in_search_page'])) {
						
						foreach($recommended_data['recommended_products'] as $product_id) {
							$product_info = $this->model_catalog_product->getProduct($product_id);
							if ($product_info) {
								$results[] = $product_info;
							}
						}
						$product_total = count($results);
						$results = array_slice($results, ($page - 1) * $limit, $limit);
						$data['text_search'] = $recommended_data['description'][$this->config->get('config_language_id')]['content'];
					}
				
					if( empty( $this->request->get['mfp'] ) && $product_total == 1 ) {
						$mssConfig = $this->config->get( 'msmart_search_s' );
				
						if( ! empty( $mssConfig['redirect_if_1_result'] ) ) {
							foreach( $results as $result ) {
								$this->response->redirect( $this->url->link( 'product/product', 'product_id=' . $result['product_id'] . ( isset( $this->request->get['search'] ) ? '&search=' . urlencode(html_entity_decode($this->request->get['search'], ENT_QUOTES, 'UTF-8')) : '' ), 'SSL' ) );
							}
						}
					}
				}
			]]></add>
		</operation>
	</file>
	
	<file path="catalog/controller/common/header.php">
		<operation>
			<search><![CDATA[function index() {]]></search>
			<add position="after"><![CDATA[
				$mssConfig = $this->config->get( 'msmart_search_s' );
				$mssConfigLf = (array) $this->config->get( 'msmart_search_lf' );
				$mssVer = ! empty( $mssConfig['minify_support'] ) ? '' : '?v' .$this->config->get( 'msmart_search_version' );
				$mssFiles = array(
					'js' => array( 'js_params.js', 'bloodhound.min.js', 'typeahead.jquery.min.js', 'live_search.min.js' ),
					'css' => array( 'style.css', 'style-2.css' ),
				);
				
				foreach( $mssFiles as $mssType => $mssFiles2 ) {
					$mssPath = $mssType == 'js' ? 'catalog/view/javascript/mss/' : 'catalog/view/theme/default/stylesheet/mss/';
					
					foreach( $mssFiles2 as $mssFile ) {
						$this->document->{'add'.($mssType == 'js' ? 'Script' : 'Style')}( $mssPath . $mssFile . $mssVer . ( $mssVer && $mssFile == 'js_params.js' ? '_'.time() : '' ) );
					}
				}
				
				$data['mss_lang_direction'] = $this->language->get('direction');
				
				require_once DIR_SYSTEM . 'library/msmart_search_mobile.php';

				/* @var $mobile Mobile_Detect_MSS */
				$mssMobile = new Mobile_Detect_MSS();

				$data['mss_mode'] = empty( $mssConfigLf['mode'] ) || $mssMobile->isMobile() ? 'standard' : $mssConfigLf['mode'];
			]]></add>
		</operation>
	</file>
	
	<file path="catalog/view/theme/*/template/common/header.twig">
		<operation>
			<search><![CDATA[</head>]]></search>
			<add position="before"><![CDATA[<script>{% if mss_lang_direction and mss_lang_direction != 'ltr' %}var MSS_LANG_DIRECTION = '{{ mss_lang_direction }}';{% endif %}{% if mss_mode %}var MSS_MODE = '{{ mss_mode }}';{% endif %}</script>]]></add>
		</operation>
	</file>
	
	<file path="system/library/template/twig.php">
		<operation error="skip">
			<search><![CDATA[$loader = new \Twig\Loader\ArrayLoader(array($filename . '.twig' => $code));]]></search>
			<add position="replace"><![CDATA[
				$loader1 = new \Twig_Loader_Array(array($filename . '.twig' => $code));
				$loader2 = new \Twig_Loader_Filesystem(array(DIR_TEMPLATE));
				$loader = new \Twig_Loader_Chain(array($loader1, $loader2));
			]]></add>
		</operation>
	</file>
	
</modification>